,Unnamed: 0,oid,expid,hjd,mjd,mag,magerr,catflags,filtercode,ra,dec,chi,sharp,filefracday,field,ccdid,qid,limitmag,magzp,magzprms,clrcoeff,clrcounc,exptime,airmass,programid
0,0,823306200028761,58216538,2458336.6644938,58336.1653819,19.7346268,0.119170278,0,zi,235.04607290000004,61.530015899999995,0.490999997,0.0439999998,20180806165382,823,0x6,0x2,20.670000100000006,25.685627,0.0202819463,0.203476161,1.05676399e-05,30,1.17700005,2
1,1,823306200028761,59115290,2458345.651851133,58345.1529051,19.1079464,0.0799689591,0,zi,235.04611549999998,61.5300608,0.953999996,-0.0480000004,20180815152905,823,0x6,0x2,20.4099998,25.6359463,0.0233931448,0.198239967,1.36733461e-05,30,1.19400001,2
2,2,823306200028761,60914248,2458363.641190755,58363.14248840001,19.7690353,0.121319354,0,zi,235.0462232,61.5300128,0.6970000270000001,-0.126000002,20180902142488,823,0x6,0x2,20.8799992,25.6250362,0.0185923688,0.197358847,8.758159310000001e-06,30,1.28900003,2
3,3,823306200028761,61313074,2458367.629406766,58367.13074069999,19.9766045,0.133166432,0,zi,235.0460798,61.529909700000005,1.06799996,0.216000006,20180906130741,823,0x6,0x2,20.5100002,25.6526051,0.0206047781,0.19301191,1.09348102e-05,30,1.28699994,2
4,4,823306200028761,62511601,2458379.6146179684,58379.1160185,19.8785076,0.127867192,0,zi,235.04586519999998,61.52983689999999,1.04700005,0.194999993,20180918115972,823,0x6,0x2,20.1000004,25.6735077,0.0263388604,0.19619301,1.75422138e-05,30,1.34099996,2
