,Unnamed: 0,oid,expid,hjd,mjd,mag,magerr,catflags,filtercode,ra,dec,chi,sharp,filefracday,field,ccdid,qid,limitmag,magzp,magzprms,clrcoeff,clrcounc,exptime,airmass,programid
0,0,794315300011968,51834758,2458272.848628676,58272.347580999995,20.4418297,0.175662965,0,zi,232.57594,57.658545999999994,0.551999986,-0.291000009,20180603347546,794,0xf,0x3,20.3999996,25.5538292,0.0241090357,0.185389921,1.54812096e-05,30,1.125,2
1,1,794315300011968,52329828,2458277.799190031,58277.298287,19.7531548,0.121734418,0,zi,232.5761717,57.658504099999995,1.63,-0.182999998,20180608298264,794,0xf,0x3,20.8700008,25.565155,0.0200638175,0.180739507,9.76271167e-06,30,1.08399999,2
2,2,794315300011968,52729988,2458281.800666595,58281.2998843,19.4982529,0.102273107,0,zi,232.5760791,57.65849029999999,0.8180000190000001,-0.125,20180612299861,794,0xf,0x3,20.9300003,25.5562534,0.0193358269,0.187299669,9.22579329e-06,30,1.09500003,2
3,3,794315300011968,53147421,2458285.9748662855,58285.474213,19.483511,0.101213589,0,zi,232.5761858,57.6585118,0.6769999859999999,-0.115000002,20180616474178,794,0xf,0x3,20.2600002,25.5395107,0.027608864,0.178107142,1.88355407e-05,30,1.96099997,2
4,4,794315300011968,53535151,2458289.8520477014,58289.3515162,19.6631947,0.114637949,0,zi,232.57623560000002,57.658561600000006,0.476999998,0.109999999,20180620351470,794,0xf,0x3,20.7099991,25.5631943,0.0207595639,0.186120257,1.044705e-05,30,1.24199998,2
5,5,794315300011968,54035045,2458294.850823711,58294.35045140001,19.7575607,0.122087419,0,zi,232.576087,57.6585174,1.12600005,-0.239999995,20180625350440,794,0xf,0x3,20.5400009,25.5665607,0.0213485472,0.178702682,1.13268788e-05,30,1.28499997,2
