,ant_mjd,ant_passband,ant_mag,ant_magerr
0,58758.505034700036,g,18.988800048828125,0.1239129975438118
3,58764.49303240003,R,19.03622817993164,0.11645644158124925
