,ant_mjd,ant_passband,ant_mag,ant_magerr
12,58846.456180599984,R,20.10346984863281,0.2121195495128632
