,ant_mjd,ant_passband,ant_mag,ant_magerr
10,58788.341284700204,R,18.061920166015625,0.19369985163211825
