,ant_mjd,ant_passband,ant_mag,ant_magerr
5,58538.32686340017,g,18.474027633666992,0.11846408993005753
6,58541.249201400205,g,18.48100471496582,0.08668898046016693
