,ant_mjd,ant_passband,ant_mag,ant_magerr
1,58541.260856499895,g,19.290599822998047,0.2458059936761856
6,58559.33150460013,g,19.457040786743164,0.16068360209465027
