,ant_mjd,ant_passband,ant_mag,ant_magerr
18,58859.21630789992,R,18.516950607299805,0.10593318194150923
19,58860.15443289978,R,18.6112060546875,0.10909662395715714
