,ant_mjd,ant_passband,ant_mag,ant_magerr
7,59273.45069439989,R,18.739336013793945,0.12426670640707015
8,59275.21636570013,g,18.66150665283203,0.11065652966499327
