,Unnamed: 0,oid,expid,hjd,mjd,mag,magerr,catflags,filtercode,ra,dec,chi,sharp,filefracday,field,ccdid,qid,limitmag,magzp,magzprms,clrcoeff,clrcounc,exptime,airmass,programid
0,0,1629104200028314,57918988,2458333.6909740986,58333.18988430001,19.181427,0.0535122901,0,zg,239.7733013,19.8014061,4.3920002,0.638000011,20180803189861,1629,0x4,0x2,21.7999992,26.1668015,0.0229026228,-0.0614519715,9.09392747e-06,30,1.07000005,2
1,1,1629104200028314,57919033,2458333.691425348,58333.1903356,19.4064922,0.0630738288,0,zg,239.7729839,19.8011181,4.56899977,0.61500001,20180803190336,1629,0x4,0x2,21.7800007,26.1724434,0.0255682822,-0.0651612133,1.12042253e-05,30,1.07099998,2
2,2,1629104200028314,75355162,2458508.0504189995,58507.5516204,18.9185677,0.044070024000000006,0,zg,239.77323909999998,19.8011966,0.47299999,0.0250000004,20190124551609,1629,0x4,0x2,20.0799999,26.1922722,0.0404196493,-0.0710278749,5.120211060000001e-05,30,1.22500002,2
3,3,1629104200028314,89122195,2458645.72614987,58645.221955999994,18.4644737,0.0316329859,0,zg,239.7732429,19.8015131,1.78699994,0.192000002,20190611221956,1629,0x4,0x2,20.8299999,26.1646214,0.036157552200000005,-0.0545383096,2.59593762e-05,30,1.07599998,2
4,4,1629104200028314,89122241,2458645.7266128585,58645.222419000005,18.5080585,0.032638263,0,zg,239.7732097,19.801437,1.255,0.151999995,20190611222407,1629,0x4,0x2,20.920000100000006,26.1526031,0.0327620693,-0.0440411791,2.03913605e-05,30,1.07500005,3
